Cliente;0
Bobina Slitter GA;0,0
Bobina Slitter GI;0,0
Bobina Transvision;0,0
"GUIA LATERAL EM ""U"" 70x30";0,0
"GUIA LATERAL EM ""U"" 90x30";0,0
"GUIA LATERAL EM ""U"" 100X30";0,0
GUIA TELESCÓPICA 65X60;0,0
Metalon 60x40;0,0
Metalon 80x40;0,0
Metalon 100x100;0,0
Metalon 40x40 Soleira especial;0,0
"Tubo4 1/2""";0,0
"Tubo 5""";0,0
"Tubo 5 1/2""";0,0
"Tubo 6""";0,0
"Tubo 8""";0,0
"Tubo 8 1/2""";0,0
Metalon 60x40 Soleira;0,0
SOLEIRA EM T;0,0
CANTONEIRA 10cm;0,0
MÃO FRANCESA;0,0
ALÇAPÃO DE EMERGÊNCIA 70cmx70cm;0,0
PORTINHOLA ESQUERDA;0,0
PORTINHOLA DIREITA;0,0
KIT AUTOMATIZADOR PORTA 1 SYSTEG ;0,0
KIT AUTOMATIZADOR PORTA 2 SYSTEG ;0,0
KIT AUTOMATIZADOR PORTA 3 SYSTEG ;0,0
KIT AUTOMATIZADOR PORTA 4 SYSTEG ;0,0
KIT AUTOMATIZADOR PORTA 5 SYSTEG ;0,0
KIT AUTOMATIZADOR AC 1500KG;0,0
KIT AUTOMATIZADOR AC 2000KG;0,0
CONTROLE EXTRAS;0,0
PEÇA PLASTICA TRAVA LÂMINAS L.E;0,0
PEÇA PLASTICA TRAVA LÂMINAS L.D;0,0
BORRACHA PARA SOLEIRA;0,0
PERFIL ANTIRUIDO;0,0
PONTEIRA DE BORRACHA PARA SOLEIRA;0,0
TRAVA ANTIQUEDA - PEQUENA;0,0
TRAVA ANTIQUEDA - PEQUENA;0,0
TRAVA ANTIQUEDA - PEQUENA;0,0
TRAVA ANTIQUEDA - PEQUENA;0,0
TRAVA ANTIQUEDA - PEQUENA;0,0
SENSOR ANTIESMAGAMENTO;0,0
COLUNA REMOVIVEL;0,0
PINTURA ELETROSTÁTICA;0,0
PORTA SOCIAL;0,0
TINTA SPRAY ;0,0
PRÉ-MONTAGEM SIMPLES;0,0
PRÉ-MONTAGEM COMPLETA;0,0
;0,0
;
;
